source_id,ra,dec,parallax,pmra,pmdec,phot_g_mean_mag
5289348917626159232,116.76280706544107,-61.555996566655175,2.47412294862142,-3.7391589621321337,11.785714931829656,13.625604
5289374962307987072,117.19165598427143,-61.41598168539954,2.567736888864938,-4.045614809058091,11.532420754894812,13.021146
5289378084745767936,116.75531451219531,-61.362991004772816,2.4248935793527604,-3.777281348498791,11.39360428687613,8.747476
5289064693871144064,117.16623744714425,-62.45484619645617,2.453031366011462,-3.7502267911057148,11.501265667635877,13.562762
5289071394020026368,117.36606384067919,-62.2461447672197,2.358129708185194,-3.8868980356503147,11.21942387499633,14.766583
5289094689922654976,117.89808954898648,-62.09625343061424,2.458292729012389,-3.8874247133308297,11.494248400090868,12.144573
5289111560553947392,117.76186865581771,-61.92342583673049,2.4329642989804614,-4.36785544357619,11.47189886420552,14.840966
5289115408844638336,117.56030839890691,-61.86593602072628,2.454631761086736,-4.018247447781196,11.731856795392165,14.475547
5289122104700035840,117.87962573720512,-61.77667893140572,2.434777685292012,-4.796841112201659,11.483797463740892,11.983277
5289122108993642368,117.87905050526363,-61.77642026075234,2.430904734995128,-4.04715408936029,11.09026997167425,10.933106
5288278955373730944,118.59703318229779,-62.46345010170382,2.339494365023107,-4.435971132942816,10.929686306882921,14.746217
5289152551721531904,116.71681221220979,-61.88696862430621,2.4427108043642147,-3.5966047593039363,11.432588412329265,13.234088
5289174507594418816,117.60122728404951,-61.6228150206111,2.426535088235117,-4.139191724881863,11.609470208760378,14.5115795
5288322592241243264,117.86226566524611,-62.49597279379935,2.2432524034037282,-3.7123369762896727,11.119723045426047,11.406643
5288328811353971584,118.5867348682661,-62.338194964726085,2.443564360339018,-4.223665411381347,11.901696504307544,12.49632
5289193371091812864,117.32579554109051,-61.375909477797904,2.466440905153937,-4.194624037632537,11.062539631990042,11.93372
5288334927387253120,117.90779687361118,-62.42874397045905,2.2683968596536768,-4.640830885711426,10.518066655634847,12.85723
5290728834785867264,118.70911898194072,-60.84460450685126,2.4286617683514926,-4.371667155723558,11.394554833307764,12.833573
5290730106091599104,118.82031734386895,-60.84372768347002,2.422725694434722,-4.728462894094293,11.063086095691546,12.603583
5290730144750808192,118.83881658492882,-60.84438358051208,2.4610128951119536,-3.8160583151966767,11.390072701106462,9.423022
5290730144750809472,118.84168850727191,-60.83502992822741,2.4456700470646076,-3.975316714348928,11.387519916404921,13.262864
5290730385268977536,118.8016087783984,-60.814574074420925,2.4060633408651944,-4.6020823730663505,10.503030881231698,13.955095
5290730488348194304,118.81238148913424,-60.805277806934924,2.4000053795262075,-3.849028732223263,11.274563478464577,11.4653635
5290731931459005056,118.74744368701617,-60.81904166124857,2.409172990130533,-3.713340342354126,10.797156431471397,10.824256
5290732721731067136,118.54850256343387,-60.79997050058628,2.432907914468095,-4.793071934370298,11.442369968613532,13.700119
5290733168407670656,118.62033135751285,-60.77179687210178,2.3927472117563693,-4.645876311349477,10.481909622424293,14.903605
5290733408925843200,118.7682917950877,-60.81085032096943,2.29255343514529,-4.269393407253865,10.692531283296711,13.807544
5290734027401142400,118.86163152870066,-60.74293244936773,2.4312029928047605,-5.720945185350052,10.192717023038481,14.599287
5290735779747993088,119.14082083974401,-60.76735554522273,2.482953853682854,-4.879647738835718,11.343851864050459,12.180557
5290737119779505792,119.03152062340315,-60.70389884881545,2.4307304984641394,-3.6330414034944276,11.228110539144772,10.580473
5290737188497096064,119.03197121726738,-60.68618537197566,2.474869677745022,-4.730630645891631,11.06750389925097,12.360404
5290737218559327232,119.05204245132673,-60.673822372282075,2.406656730561507,-4.062112233029787,11.15092799403454,11.877202
5290737669533445248,119.14194610380315,-60.65159119484201,2.4257746743021755,-4.362824102067127,11.34416115662038,12.873881
5290738047490663808,119.3141365302425,-60.64811947558218,2.450455878126556,-4.13809856582877,11.741532812847488,14.8128
5290738356730128896,119.35428237396533,-60.654771028962436,2.4112630472745957,-4.4661143689909855,11.089477879279082,11.297148
5290738562888564736,119.38221236438501,-60.63085082655698,2.4291427615741834,-4.323186811651358,11.523763533274028,9.165731
5290738906484117248,119.20832142601444,-60.66265924629521,2.400808307023486,-5.019447035349894,10.892319497319761,14.047953
5290739146997100160,119.26231571801173,-60.610183499668935,2.426521736866137,-4.910494666125418,10.828174487492085,11.145766
5290739181361937024,119.17368383189566,-60.63212602437738,2.415943722441326,-4.660942442765736,11.540264795604198,11.142151
5290739181363813376,119.17360977653121,-60.63073056107948,2.380532302043765,-4.040166290436296,11.516113736641223,10.529767
5290739387520374912,119.22779231391584,-60.598422876752494,2.434352336390031,-4.820683575194707,10.919502055216675,8.050167
5290739662400163200,119.32557290545527,-60.580536223108545,2.444552348590055,-4.6407885125817705,11.073398807428198,10.170778
5290739937276199168,119.30062901716063,-60.552446167767954,2.2957553951183596,-4.832481993757617,10.74657820803508,14.340438
5290740040355374848,118.98203321857164,-60.694303941245494,2.4190883223373643,-5.17986974660559,10.196758020984095,12.713356
5290740452672243584,119.0065878805799,-60.64775793776315,2.3983777235579407,-5.386843151853141,10.51364041583463,14.702697
5290740452672243968,119.0093395289794,-60.64603356028615,2.432160421184687,-5.147188804177189,11.388318876162757,13.378958
5290740452672244480,119.0190209192538,-60.64169783496645,2.4590527253136036,-4.210020636870244,11.011634071850079,14.271573
5290740830629369344,119.0338495632771,-60.63318483316635,2.410006421032954,-3.888311453328908,10.630191712278037,13.990303
5290740933710466816,119.04806387602437,-60.60819083131877,2.438658565818029,-4.263270285753821,11.702598749394003,11.217307
5290741036787805440,119.07377390192526,-60.608349982518064,2.434022491476376,-4.121735037971892,11.794884246005443,11.570929
5290741277305967232,119.00409775395127,-60.62334261992667,2.425172128462251,-4.853684017502577,10.868093315401895,14.290467
5290742411177350144,119.18375943730658,-60.58112745815718,2.4433420420963796,-4.614535561632493,11.469018255482416,13.355629
5290742582976042496,119.15218009516713,-60.55635894240788,2.4653434358510804,-4.3283245702743836,11.574667853595642,10.84646
5290742857853957504,119.26284550504568,-60.54785236890288,2.464706728760144,-4.910271238227772,10.50110735705648,12.533558
5290743682487671552,119.0995476758823,-60.513667485768096,2.4187539461085144,-4.691073965431087,10.65541315665093,10.639579
5290743648127929856,119.07766060043303,-60.526384548978456,2.3473163738493743,-4.513318715265902,11.37058701975008,5.203313
5290745881512256000,119.95099771659262,-61.08882877157585,2.4144602780622013,-4.611567362965359,10.853270473958279,13.315988
5290746190749912192,120.09152436045046,-61.062237151615186,2.3718903869636856,-5.01391149616489,11.108476599994706,14.98169
5290747084103123712,120.21389079335545,-61.01922905142329,2.4450798775840275,-5.157919493991141,10.931758961294864,10.282978
5290747771297885824,120.14829928295052,-61.02254203674106,2.576299503075991,-4.259543237379958,10.681104970970452,14.683183
5290747943096587776,120.21403672860754,-60.984859924152005,2.395389261634572,-5.056088467714966,11.421567563092498,11.026142
5290747977456314880,120.12015455207495,-61.013348966558254,2.4199773420054598,-4.773790062135724,10.919443779136689,12.808417
5290748424132935552,120.32033928915307,-60.95573094924225,2.3831170203040877,-4.884173815259674,11.08023398479552,11.415173
5290750382637937920,119.88462938421374,-60.97938662684025,2.444832551916953,-4.758128912846962,11.02615996528436,14.742142
5290751482149639296,120.12106905290646,-60.92849117187904,2.4718980358246285,-5.296125695289445,11.2156396666933,14.738125
5290752787819629056,120.19990924297262,-60.86563121673824,2.4120765986938446,-5.702484852906729,11.388381773938258,13.797505
5290753230194611968,120.40235307579995,-60.98388075050407,2.4735468458433503,-4.579834001977094,11.782773928054098,13.299644
5290753749892394752,120.48341514619888,-60.94321436453681,2.4055282291011926,-4.945779243018126,10.771456781018633,12.018392
5290753956050829056,120.51690484608807,-60.901674788433354,2.427732020378831,-5.327107155989683,11.762870786541328,14.882433
5290754643245585792,120.30332646020298,-60.898033107600156,2.4642442999124716,-4.894485689745353,11.60000441478697,12.799531
5290756361232528768,120.6910774354712,-60.80930592766415,2.4126330715756326,-5.501862603567538,10.878909783098717,12.835649
5290756910988338304,120.55728116522685,-60.80302942498423,2.64511083457844,-6.350182575823053,10.054756266502492,14.405864
5290757014067554688,120.5543081521772,-60.77534402855694,2.4277060083350337,-4.597300836146914,11.06499581025506,13.215903
5290757460744159104,120.65077825821872,-60.75645008504739,2.422730278140607,-4.8759296239078,11.4630640367984,14.979328
5290759110011311232,120.27052419895763,-60.79293906403225,2.447323254842245,-5.024030279001788,11.335116412448087,14.493572
5290761068516409216,120.49639999766752,-60.72466140792162,2.4414837310913904,-5.181634104469255,11.563971957035658,13.370735
5290762030590522880,119.83150859916682,-60.975555316132024,2.3772947986885176,-4.176265530934089,11.793174006601557,10.794116
5290762752143565184,119.94778572745635,-60.90419058147282,2.4542196454569156,-4.353124216233541,10.611471210868167,13.516355
5290763095740848128,119.77089102234298,-60.943307494718724,2.4036103260853485,-4.50064946401129,11.531466326354739,11.419495
5290764263972054784,120.00202992505561,-60.88216337736801,2.543524007249065,-4.633886128051809,11.344512533074498,14.05665
5290765397839175168,119.98508209461154,-60.82458560224974,2.3803899865836904,-4.663501172647642,11.154161175173758,13.065957
5290764951166829824,120.147965340593,-60.80727392453986,2.4096323370816073,-4.767629812075173,11.363900493441609,14.636271
5290765019886216448,120.08917376898654,-60.82009391813063,2.378774920889905,-4.887808861510471,11.349193571258716,10.959637
5290765397843334912,119.98590258215793,-60.82449283584717,2.438490090266454,-4.274095066986562,11.983187711923597,11.622409
5290765565341001984,119.9476248950409,-60.822992105366936,2.4435521880841025,-4.59536106207056,10.842435272359205,12.246189
5290766252535812224,120.06042535817781,-60.75422797849983,2.499324910499202,-5.103723707466374,10.998950945087564,12.223487
5290766737874592640,119.69827872903956,-60.860425236454105,2.4178749476738433,-4.577921604897698,10.671468906849192,11.241735
5290767150189898496,119.838690266643,-60.81561751997507,2.365648163274585,-3.940528500958723,10.627911725712494,9.062435
5290767047110673280,119.82478777258926,-60.816749140414935,2.4320285080216952,-4.371668205811296,11.642504497194004,13.494839
5290767115830162560,119.88372239008346,-60.812458744262585,2.449816133563672,-4.486106074185033,11.143897685208188,13.615188
5290767150189899776,119.85872294286798,-60.80940215722857,2.450882816129679,-4.764087229399979,10.853313831947572,14.528982
5290767218909364224,119.79770528353863,-60.81818859784836,2.4238432495527094,-4.329015719649154,11.762222238698067,14.340733
5290767459427547136,119.83976620614622,-60.77920962012056,2.4595347023646217,-4.203565214262432,10.742978741310505,14.16789
5290767562500539392,119.65174914918606,-60.838243701286935,2.3754757029499918,-5.348851013765731,11.30122068661666,12.325803
5290767562506658176,119.65202331149953,-60.83851021312574,2.422021723074353,-6.042371398573038,11.281334172553843,12.244002
5290767631226220032,119.71058643583468,-60.82441134675175,2.470709046499822,-4.6610034288435,11.225734022339331,5.805288
5290768043543002752,119.76135024315225,-60.79689480519567,2.4987769511653615,-4.435714040156059,11.479337288974694,10.714917
5290768215341699200,119.83889890565378,-60.767397949421444,2.546720219243311,-4.335236117702886,11.144200734417907,12.189696
5290768215341699840,119.84231194911088,-60.757373054574835,2.259169725289559,-4.619826620391489,11.747394329361153,11.716666
5290769211774211968,119.9908211753555,-60.7467475654533,2.3505277012778887,-4.442812148813012,11.162594477246845,8.370051
5290768971256039296,119.89169051931404,-60.75506892648619,2.4595149873975544,-5.188009891396004,11.59152051503826,14.002985
5290769039975605760,119.95956345527405,-60.73742702742302,2.402459544733273,-5.0692943259670225,11.11335154415515,14.313747
5290769108694996992,119.95893404738632,-60.72613268658467,2.564418509703125,-4.618323182865975,10.754425064254981,14.276376
5290769314853433600,120.08577684470902,-60.71037650938485,2.4594382961271677,-4.765234649993877,10.829580381785613,13.295823
5290769658450722816,120.03205601819252,-60.68317090373618,2.5031570815065773,-4.543930207686215,11.493176220183512,10.186152
5290770345645486976,119.96923173795135,-60.68772593584921,2.418453545813372,-4.456535090286501,11.6549688151934,12.42127
5290770448724704896,120.00087619361062,-60.668920566666614,2.4551721285022987,-5.612241325107588,10.78846230638744,13.998919
5290770586163654656,119.93418699846724,-60.671891230106695,2.4563743544541654,-4.620094001518403,11.599356941220888,9.575711
5290770826682093312,120.21610576467017,-60.78324175717155,2.4559776830511266,-5.558606104557881,11.655039326703296,13.053854
5290770998480701184,120.2315078594148,-60.76132918804549,2.4086095711115996,-5.383514647289515,10.615039390393289,14.274384
5290771032840440832,120.25893371120071,-60.750727707221884,2.438909095193442,-5.113171811137524,11.294091751816683,12.009702
5290771204639131648,120.22869936937398,-60.75408838074702,2.45623828270129,-5.05097506701003,11.206494279020722,11.204004
5290772029272852864,120.19865213045497,-60.72687682357922,2.4016679370803997,-4.41163838690919,11.26921564705185,13.563049
5290772201071458944,120.14351904655402,-60.715496353274645,2.4465705885740294,-5.166841821667027,11.305851785157834,9.873779
5290772269790935808,120.14312892451771,-60.70621322608061,2.432133981370471,-5.357274372832412,10.854917858332543,12.083611
5290773919058477440,120.46886837123243,-60.608786700726085,2.408452099131945,-5.552684509201023,11.378035034297266,11.923455
5290775190368696320,120.1001511776759,-60.700975935337816,2.5092916220879844,-5.0725164887072935,11.391203582894306,12.614484
5290775293447912320,120.10810843433742,-60.68311473174619,2.410663199338237,-5.417613253581324,10.32450448988339,14.105337
5290776633477524352,120.01261105744757,-60.623387051167064,2.387747997695081,-4.51108090166763,10.858657163657268,11.599679
5290776702197093888,120.0788695194462,-60.604043919890856,2.373665525837934,-4.882519524937546,11.081363707770668,14.913524
5290776839636049664,120.15728497909943,-60.609169979538265,2.3724662652679895,-4.433070321591368,10.480191516601053,14.526385
5290776908357132544,120.13083576816484,-60.608476791684765,2.4532298777647195,-4.914992901642328,10.891279129069588,10.664711
5290777419450772352,120.31495531734966,-60.603245558652304,2.4295576717282,-4.3427515942137696,10.525395864221684,11.326914
5290777522534884864,120.35195842107927,-60.587721638669215,2.470862991566976,-4.623161475853895,11.847357643022928,12.072499
5290779279177397632,120.40278231107908,-60.47249164594101,2.4636397417237323,-4.752297678685393,11.170977950463591,14.6944685
5290779760215604736,120.8440849431283,-60.76415709335882,2.408167328596194,-4.5121413004273085,10.939923096308089,10.715364
5290779897654556800,120.77260872255788,-60.7590710435156,2.46042665186126,-4.529922340468767,11.925550927099067,13.911603
5290780997164946176,120.70867718896035,-60.715872960528465,2.456766862637434,-3.9699297437547556,11.058883252605856,10.813243
5290780997164946688,120.7132965097215,-60.715161790458325,2.434613559669677,-4.621867068090603,11.358426233225561,11.942475
5290781203323379456,120.74042088395431,-60.68332200662204,2.4527515043525465,-5.365047425499174,11.353946082573207,10.806416
5290781443841554432,120.8513948841454,-60.66547676029487,2.4363453938456137,-5.465144728312261,10.862411231370974,12.027598
5290782023655716736,121.01774524301703,-60.65093834029931,2.441011066672875,-5.003127605782774,11.413305937653348,12.26467
5290782062316848896,120.92545252276622,-60.67732361303925,2.502047293474811,-5.446153384171459,10.857875883709026,12.964021
5290790446088863360,121.2040006390616,-60.46913900039272,2.4135253933213434,-3.993904414571338,11.647294464929974,11.49348
5290793366670504320,121.14481766406234,-60.46346527122715,2.490933245626392,-5.546908107507203,11.299655221922409,13.333627
5290795119017167232,121.26561858803683,-60.40872470439032,2.409450658383507,-5.0953501466779745,10.8912302094389,13.847211
5290795187732777088,121.26001548291683,-60.38749422676098,2.4352261757563904,-4.480301238871514,11.11035872845249,8.563003
5290795187736645632,121.26012049461244,-60.38793900866016,2.4246907400739133,-5.280940433163538,10.35663025335758,7.6517363
5290797386759788928,120.60191426887876,-60.57934376571798,2.6866320747997,-4.9915794432497655,11.187334631805534,12.178254
5290797970875348352,120.7293962318932,-60.51882837619864,2.4341951541966464,-5.180090518615261,11.111277109674505,12.818167
5290798692429758976,120.5302948819053,-60.51794880737101,2.432755903634575,-4.90483615534909,11.375634702070457,12.284369
5290799448345595904,120.7565530400296,-60.50544512530003,2.473219531661011,-5.278312994078547,11.0090300409577,13.624277
5289697497169250048,121.3343202863874,-61.97207294887904,2.3903559816959894,-4.679539092198242,10.917579877480451,12.9165745
5289697497169250176,121.33424804190888,-61.97156106640731,2.4270279989398853,-4.8251306062794415,10.827945742449504,10.234336
5289698768483305216,121.52832658829266,-62.074647319281866,2.514376715954143,-5.50533286516924,10.935694002838472,13.595322
5290801235050411136,120.82942068860204,-60.3944888416746,2.3288208529483696,-5.098298551341734,10.257712315513418,14.29055
5290802472000890752,120.53798971195694,-60.4370565708261,2.479730631339757,-5.10718505800447,10.78246727839877,14.169604
5290803326698474880,120.53621129515105,-60.40214310729797,2.3748631357484977,-4.840522421947979,11.045280434875359,14.274406
5290804155628075136,120.64560235875403,-60.37827649839025,2.4412941967910147,-5.439160248212516,11.034968895343642,14.749829
5290809687547548416,121.09296300104246,-60.23728296760509,2.429318993922644,-5.0577182805853,11.524359018199391,10.556574
5290810370439846016,120.86202616794014,-60.32727461330502,2.4523152382112134,-4.324582734199477,10.689670477505093,12.649663
5290814463551136512,121.12819612692451,-60.100965701305704,2.488715548509164,-4.108402590888919,10.72486110887648,10.376191
5290814768486344320,119.61366016855828,-60.80200305564636,2.4258457390433295,-4.976007624095694,11.987915250478427,8.540336
5290814807146918016,119.6488120457536,-60.78119830045127,2.429173434801485,-4.889777676103288,11.040546578238493,13.030127
5290814875866306432,119.62739512472568,-60.77491236918286,2.4484243328582,-5.644553042026808,11.650373621936854,11.544109
5290814978945611008,119.65435414466603,-60.774520719585375,2.460780777552918,-3.9043146139561675,11.435123398678776,14.841998
5290814978945611648,119.65594552711516,-60.769353345751355,2.411810464483425,-3.8389523186923125,11.233744273303985,14.615646
5290815047664997248,119.59788448289916,-60.78041648344747,2.4314070413156266,-4.144034304622405,11.678787867945553,14.477038
5290815082024737152,119.62800837793351,-60.766905360379,2.4209185775308124,-4.532745026861164,11.162332950069517,13.6692095
5290815082024737664,119.63416441966882,-60.76687086416138,2.4418792268667855,-4.7733485736480965,11.838420829102056,14.406035
5290815185103954048,119.66267696773733,-60.755997580658025,2.4171652312206113,-5.053437235068193,11.080651351102656,13.994552
5290815734859774080,119.73974315857727,-60.71688338415201,2.4311894533246448,-5.128715455337308,11.27927441540768,14.610383
5290815872298718208,119.57504409318435,-60.75420457805277,2.4666146810511473,-5.187352687020318,10.888854821989291,11.292623
5290815906658459008,119.60885880106117,-60.73705715728533,2.4168463929014306,-5.042347795627938,11.62050985414401,14.439148
5290816009737675392,119.62801312907821,-60.7290128423191,2.4385200919057337,-5.025170300239224,11.658095971807574,8.768279
5290816112816893056,119.64439520371573,-60.70131490539534,2.295763526843355,-4.324072333052809,10.993908066607002,10.200598
5290816318975199744,119.6236440841652,-60.69747209036821,2.478140266851931,-5.603830776706764,11.402963097118635,9.708623
5290816353334937216,119.58459746863387,-60.69434026388792,2.470438739830165,-4.285406110428791,10.906155273364478,12.729563
5290816486474806912,119.66683437336418,-60.6952168874278,2.415553552833914,-4.161711139742971,11.624252200217178,12.101589
5290816490774016128,119.66991677043742,-60.69809047606974,2.4122908956873834,-5.297465353465912,11.851063399227924,13.437548
5290816628212850176,119.71430553791699,-60.667394415654464,2.431074262911463,-4.419808615162303,11.506414134062382,10.7561865
5290816731292063872,119.67732245093866,-60.67215189566553,2.4197237176674737,-4.537169829673747,11.297854981005377,13.447133
5290816800011540992,119.65735983188229,-60.65563887180028,2.3272472244227957,-5.81096310602441,10.557070057467072,9.580529
5289715810913353600,121.47484634369629,-61.89315044767039,2.4904334946224407,-5.479207371795913,11.172619514212656,13.025368
5290816937450497408,119.71225872092432,-60.643110277087175,2.461584752302575,-3.9137127932622526,10.089920813132657,9.482301
5290817281048004736,119.80580118354631,-60.67327975918745,2.433342521308096,-5.679575052932773,10.849478354416217,13.400822
5290818380559513088,119.76960735683879,-60.6189887508232,2.4505219577003694,-5.018422225730147,11.177561273113426,14.9913845
5290818586719677184,119.8111780282501,-60.58705726672724,2.2446600328514754,-4.316014195836326,10.533373002168812,8.367876
5290818758516639104,119.9063897425201,-60.587012750445204,2.2335487872596307,-4.036995920334455,11.121655618820295,4.2988462
5289718078656029312,121.66096683704995,-61.77243595051257,2.164535283360486,-4.553526429642251,10.188167882292369,12.078295
5290819342632176512,119.59552753660465,-60.67227591218714,2.4049726606280557,-5.384533592135526,11.128790643226253,14.191893
5290819445711387648,119.50182049067526,-60.688753147662574,2.394321742985564,-4.516003136056796,10.764174489797346,14.45466
5290819445711388800,119.51910473606331,-60.67490862673778,2.4275483402176152,-4.465297529854401,11.442674903165669,14.942596
5290819651869671552,119.55358240293211,-60.64344582735632,2.3220557762520553,-4.020457469383141,11.020557254431022,11.809371
5290820064186534144,119.59839849313825,-60.62273275675792,2.4028739525308005,-4.617444973574072,10.74316992083233,12.213526
5290820235985229440,119.65538982374622,-60.5938607188584,2.4197739773991542,-4.959230485123085,11.446034798292693,14.914675
5290820682661822848,119.51208677333422,-60.61473654910768,2.407324460748574,-5.023126446628643,11.200968509039734,7.584798
5290820785740950656,119.51955009213745,-60.58434571143685,2.4713398307059933,-5.022089280608848,10.715675463490951,12.920045
5290821060618950912,119.63425713819746,-60.57017837387419,2.4518951423019377,-4.527932370124466,11.307737075120327,13.262976
5290821404216489216,119.73835149714999,-60.60349128545248,2.4011153871694964,-5.434014123506544,10.623370202265885,14.641262
5290821438576074752,119.71609871425699,-60.588930625989214,2.4088508216090636,-4.799716433496853,11.019831708164329,14.489507
5290822022691634688,119.84562756982,-60.53975827810098,2.406173263200427,-4.3266457094355575,11.360535073979559,11.63656
5290822538087854976,119.65745569043553,-60.560800079715015,2.451470980969926,-4.383048898242015,11.164284994485447,10.792642
5290822572447442176,119.6822794556532,-60.549041410885636,2.5021863975801364,-4.587084704917098,11.44365044933581,12.410234
5290823568880135296,120.01101354785771,-60.61536311049984,2.4607535444531226,-5.159091627508539,11.518613729298739,12.714723
5290823671959351936,120.02574740163452,-60.588262312885675,2.433408518231232,-5.251464366904889,11.28791953989982,14.236924
5290823981196998784,120.03932518932587,-60.55983837153936,2.3707070768205836,-5.055073169034719,11.0285631746888,13.133639
5290824049916475136,120.02072640679339,-60.55894049068517,2.445426085967115,-4.965224543522863,10.849811967941761,14.6607685
5290824290434649344,120.17083925218414,-60.53048602897449,2.4054044323891817,-4.129549390947843,10.572131249960853,12.060243
5290824320493640576,120.13826698951658,-60.52314231588241,2.425469749239085,-4.772359032530991,11.193926256646428,12.356966
5290824771470856576,119.96995366833372,-60.54708478960445,2.574670085648514,-4.995639748477024,11.831884545027037,14.152096
5290825836622877440,120.18873564536361,-60.50827319985471,2.530322580570358,-4.79045172502817,11.753381804538103,9.858936
5290826317659219456,120.28625397041223,-60.476357534218735,2.425356601505195,-5.529701393904244,11.34304781936341,14.5395775
5290826558177392640,120.34054154072103,-60.42790469225158,2.493793560691648,-5.000740585322796,11.75642077378832,12.612689
5290826867414904576,120.13983783772274,-60.47359902135884,2.4256144947611538,-5.664920643888804,11.632757725582868,11.965782
5290826936134381440,120.12958682747269,-60.46347281360137,2.4491908135775384,-4.240949780312451,10.968820142379851,12.293886
5290828757200371072,120.07848912707998,-60.42006030663556,2.445133249076249,-4.729022064533031,11.100775505003359,14.960618
5290828929000884608,120.0281892016579,-60.41894158458765,2.4798833611405997,-5.034321224680566,11.629819838185385,10.76962
5290829410037181696,119.836941431236,-60.42463748189048,2.4021078954493054,-4.850067579733778,10.914508895892109,10.116115
5290829478754780288,119.87885760518694,-60.42118151613033,2.422307181663289,-4.626547143516699,11.410627319915669,13.478369
5290829856711908608,120.022538404482,-60.38126190739891,2.437712306427601,-4.607934872505675,11.115614597476949,14.317922
5290830097230075904,119.96543040951664,-60.36926815681278,2.45587727811572,-4.341258721717469,11.458813164923773,12.137014
5289732784624068736,122.10751156857651,-61.59716938018605,2.368504309727041,-5.142406809141823,10.832802757452562,9.200555
5290832364972775808,119.44859037083708,-60.609653032980084,2.4853356286836368,-3.9806652025770846,10.6614140698199,8.347608
5290832468051992320,119.45405052617758,-60.5940642317917,2.4251435580611216,-5.109714368396552,11.899581334571913,11.098142
5290833189608396672,119.50786211683797,-60.54730958723779,2.379136103405071,-4.520686991493046,11.004056129456051,11.028278
5290833258325773312,119.50485043777817,-60.52313556266496,2.428444298652814,-4.382306439776089,10.734321746111334,14.313426
5290833705002367104,119.45141041014959,-60.52515798225585,2.440766394644633,-6.459974620558658,10.47471345400827,11.907368
5290834598355785472,119.66406319891773,-60.49976525103724,2.40441781831224,-4.682524784118308,11.491903905748833,14.731224
5290835113751864704,119.72344762855936,-60.46907437554255,2.438059944701378,-4.199424076062957,10.953845189571814,14.897104
5290836110184083840,119.62988814518384,-60.40509800476938,2.4197068823135743,-4.2673848388869,10.602304864771542,13.105647
5290836522500952832,119.68650086445581,-60.38052383000374,2.4465425408815853,-4.820282592847891,11.045435296749863,10.742922
5290837755153683840,119.49419139352398,-60.40295795442845,2.337179427616792,-4.479169180827517,10.85602089050125,14.774558
5290838274849583104,119.31743202638398,-60.427177340924445,2.510295838246859,-4.987369269346093,11.897131926410669,10.252911
5290838962037067648,119.54578685692788,-60.41739139533113,2.4080156832165995,-4.515845369013709,11.394864112897114,11.996761
5290840233352691968,119.57543650907934,-60.3387391404936,2.4096856303861056,-4.729408446240157,11.581310934475866,14.889114
5290840233354676992,119.55792934052278,-60.33377031442232,2.4593999995281868,-3.537066147564033,11.390012611640373,14.864188
5289743779740249728,121.8188039157204,-61.592051145271945,2.2531611831947242,-4.711878410124874,10.425351855082306,9.048961
5290840954907199872,119.54495698380173,-60.30221395079072,2.2978986686665546,-3.827579928376077,11.019329089433166,14.000239
5290841057986430336,119.63602157361834,-60.26096139130801,2.4033862714230403,-4.91346412436348,11.667396617673436,12.923558
5290842672894136064,119.79263613962998,-60.332538862680735,2.4147008561683476,-4.760406361824163,11.063141012504783,13.109141
5290844734478459648,119.94449018012452,-60.25588722473906,2.3918898300781786,-4.4538861952831,11.297186057002403,13.178243
5289748349585460352,121.87952933292657,-61.531460527459735,2.43937810489125,-5.153086656514868,11.635219802862544,11.353844
5290847380178313856,119.84881652713517,-60.199397525673966,2.501450800602376,-4.464003121104714,11.51398722842464,9.536184
5290847208379612544,119.7879963075433,-60.23433094279653,2.4539543164453885,-4.663004721208259,11.580971494608427,13.490474
5290847826854912512,119.89846359450547,-60.2303133497367,2.3604017325453945,-4.602534924586458,11.164352252304468,14.476376
5290847861214655616,119.91698028665203,-60.207301306086315,2.604267079565698,-5.435461169455129,11.124556361493426,6.2769513
5289751579400878336,122.10523090081671,-61.49490367189938,2.5451598351269302,-5.79107353077479,11.652732131136595,13.943717
5290850472555175168,120.40189258624,-60.35190729985832,2.4360378037343158,-5.057170044246111,11.141061142231848,10.776944
5290850609994130560,120.49003831478157,-60.35461265357385,2.4468842112921636,-4.998461683428247,11.28572633535073,13.829776
5290852499779743104,120.52793054740592,-60.3018679442334,2.459638010231244,-5.557380293144252,11.32843963353481,14.530115
5290853805449669376,120.6089153684576,-60.23104797346697,2.449669861138611,-5.216908186656831,11.373998941278007,14.695809
5290854114687316352,120.60958286480535,-60.19325657470231,2.428107982924935,-5.1156035893827605,10.539565899712494,14.424039
5290854939321026816,120.39942715610985,-60.27079275951805,2.3579453580301415,-4.848009043455955,11.279484717332839,11.794909
5290854973680764288,120.3672861651486,-60.26229548538886,2.4455824244735713,-4.522808472592728,10.782125816529186,14.311399
5290859406087169152,120.8575846057986,-60.15302184487471,2.3955533852858206,-5.203172649363727,10.760371373671292,9.353609
5289765048418743808,119.0490040401366,-62.51614248355294,2.514928059789464,-5.230853628984251,11.338675658312859,14.849348
5289767934636812672,119.41370018639947,-62.333897521957525,2.2891244759009943,-6.201061480912916,11.49879372178624,14.032027
5290863804133456640,120.76038683273835,-60.06958225268735,2.4379247132991892,-5.168163685773105,11.014418424287173,9.560557
5290864800565868544,120.68945759128164,-60.04090293279497,2.65983218085128,-5.082951374720451,11.584128987353278,11.113394
5289773805858297344,119.4142649902242,-62.33352632234765,2.376812488423567,-4.34219962033261,11.841652627117375,12.369394
5290868820657034880,120.21154271129,-60.15292882127158,2.4587962899308433,-5.580610813699057,11.2579251338738,11.079081
5289781678531932672,118.96725156298282,-62.34675728493586,2.5006401826266376,-4.413753480619719,11.597174307453159,8.980473
5290874829311320832,120.42643174595007,-59.96436912535029,2.421998622651125,-5.3748232343940545,11.3906591536004,12.336698
5290874833609343744,120.41887724826512,-59.979950895336984,2.353876998893736,-5.205244161237794,10.677758696277373,14.892488
5289790642124240512,119.3958711880639,-62.15616042039036,2.388920400996254,-4.393784637049495,11.788349883033447,12.0666065
5290882461471091712,120.50811206450099,-59.84108388217366,2.3655403075071564,-4.9439185354204636,10.679441504692004,11.95862
5290884797933312640,120.73558112450782,-59.72776344652814,2.4894707302291548,-4.69625411661011,11.217759756541604,14.135402
5289795525506757632,119.9523745890546,-62.261698233180844,2.3730422886179987,-4.735939190925679,11.307079113454302,12.608244
5290885863084040704,117.8707007020061,-61.101391410305745,2.415619158961623,-4.025256898892926,11.275210642071647,12.618524
5290886481559461760,117.71678724806819,-61.089672622133335,2.41911516665299,-3.6152038370743877,11.396005180416763,13.1661825
5290888199546264576,118.00949350592141,-60.997059586870904,2.425164884970835,-4.19509885704836,11.080221507509386,13.901493
5289799923553136896,119.84460624302831,-62.168931595066475,2.4454029325881246,-4.403154151660057,11.858403679426408,12.658021
5289801401021895552,120.09808580250083,-62.06712241822431,2.4099589651490505,-4.6935142912167525,11.626745790464305,12.553774
5289803119005929344,120.19995292255201,-61.97068169051582,2.53455392834426,-5.449141280897419,11.895192176470733,11.3995695
5289804459038767232,120.40090308532558,-62.04706877075908,2.4358217781365417,-4.401735135628639,11.760657533137191,12.343548
5290895518170546816,118.05782824235419,-60.885827265530786,2.445340091356122,-4.317392491214472,11.29486322472201,10.256013
5290896067926369664,118.16830250877646,-60.834669139227884,2.2469221656090506,-5.010881579453984,10.385748449523888,11.901348
5290896480243232896,118.249188841173,-60.856212289840094,2.4731685462408146,-4.531538669199001,11.364712352138756,12.970892
5289806726781358464,120.57392750406989,-61.94711131631496,2.475890873387804,-5.627466658268309,11.481986699800318,13.567062
5290898404387972736,117.98577078626167,-60.88930691429516,2.4287374819784824,-4.223653577227485,11.153517940962626,13.597532
5290901290606131584,118.33214582051717,-60.71359823429692,2.410672465794591,-4.5631312488397855,10.908411098916858,10.030169
5290901290606134656,118.34297060176121,-60.7149990654945,2.416723067100159,-4.215040231569818,11.094615565801114,10.693204
5290902802434393728,117.51246180360275,-60.983687335492576,2.4239884912436307,-4.090385843503976,11.42298497395005,14.538768
5289811949461425280,120.5536040199528,-61.77744282863018,2.4454130275452575,-4.420320819916513,11.749706596684575,10.815745
5289813117692497536,119.77198777798115,-62.070435098639834,2.4799624351540195,-5.164192648825203,11.804504517060893,14.955372
5290914759623592192,118.22187363563164,-60.5953198856002,2.4193101375224106,-4.568444300054161,10.72774154690215,13.006767
5290918573554531584,118.07000429223135,-60.54721420183682,2.486251382588685,-4.359301183233167,11.436923033706496,11.258628
5290918642274007808,118.06845006816185,-60.54746522070587,2.4449866436714998,-4.88909078745637,11.507004478514244,14.283552
5290919295109011712,117.965574707192,-60.55209317387232,2.416721075087697,-4.661134612946946,11.578576734575568,14.075959
5290919913584359040,118.11628753004308,-60.493038741140374,2.624354818389241,-3.754984532166022,11.245227532009906,14.475763
5290920325901674240,118.4873987988031,-60.80116788190533,2.308361330846124,-4.27892336028801,10.67145019678546,12.827271
5290327998373432832,122.15429821301456,-61.004566370121644,2.3694223916320047,-5.18118862405217,11.277118440235219,14.384645
5290921975169123712,118.53751755172242,-60.71155862628571,2.4513245451246433,-4.308424478270536,11.448065743135801,9.919799
5290922593644422528,118.66327134687727,-60.698161452612005,2.4434870155826087,-3.838953056382735,11.380635313337375,11.737461
5290923143401218432,118.76763350325601,-60.6399061184472,2.425167554047964,-3.712350143860055,11.336890076722975,10.4343
5290923452637893376,118.77267496674045,-60.60928644977339,2.2289315893654003,-5.625854535501899,10.394536115341824,13.894157
5289833218140563328,118.94952216370334,-62.133454237274826,2.400820176621788,-4.11469372666919,11.15825589067461,10.950664
5290924345991094400,118.78931593926954,-60.576327080938185,2.4444157337441292,-5.060548189757111,11.170776067504534,12.473759
5290927816324296960,118.64465492657907,-60.532435434902844,2.4738763667342627,-4.5718586009594695,11.08093568729432,14.420133
5290929843549247232,119.02904817181549,-60.528761395387725,2.4030312191871066,-4.5201984373001185,11.085767688549172,14.803495
5290929877908984704,119.0139235182469,-60.52421162343438,2.4630955035077013,-4.726744172409628,11.457125820200519,10.104133
5290931561536172416,119.1331121430923,-60.4680864284521,2.480584931821008,-4.496237955128504,11.722328122815377,12.134487
5290933829278574208,118.79786461508604,-60.4770698959436,2.43400237043856,-4.604286589981759,11.078029550767354,12.037291
5289844213255345920,119.06027819600456,-61.94330530630958,2.4041551328635187,-4.776552892898363,11.443372275595921,13.181151
5289845518925415808,119.35876092675795,-61.86027588357998,2.46825685226204,-4.36446325446289,11.357933062407973,12.941579
5290935341107132800,118.90356639998525,-60.37968335120151,2.35043643224443,-4.023980994443959,11.389377774468027,11.4956875
5290935375466863104,118.88475867038298,-60.38588663426647,2.4343954068393483,-4.9888951873111544,11.672902608456376,13.291308
5290340986354455936,122.07721190233389,-60.92189664993665,2.447626988985091,-5.205579015020707,11.165560991483982,13.094575
5290341261232279680,122.03197265468172,-60.90042963326735,2.450541411753228,-5.428460140759495,10.796797064933997,13.430294
5290940941744376064,118.58596760542409,-60.44134813378952,2.4062890687579586,-4.250202577416156,11.04123471449412,14.926259
5290940976104125696,118.61151182353903,-60.43042413654828,2.3511089396680385,-4.2658970121859605,10.995646647347794,10.959218
5290943072048101376,118.35635493675207,-60.43197352061387,2.485264431014544,-4.685200874404297,11.188837228392671,10.452613
5290349267051426560,122.61756259997769,-60.72244034523225,2.3977702048689458,-5.386885672486143,10.67617930384208,14.098714
5290349988605764992,122.426762140683,-60.71165498688541,2.4491574858106824,-6.032133930110086,10.459512261553641,12.765421
5290946782899935872,118.68086078293376,-60.4120648585016,2.444973566978288,-4.075053347252718,11.535371184567431,13.711014
5289859606418009344,119.1590702640835,-61.75568339570739,2.473256789950114,-4.666498533657855,11.377353974333642,14.459692
5290949566038905984,119.00832121037325,-60.25745941373735,2.462481009468333,-4.453407566725972,10.923852455980548,9.614169
5290949669118299776,119.02007303166727,-60.2426487322788,2.430771802691435,-4.456087726753968,11.083026624128284,8.856481
5290950047075198080,118.87018658266821,-60.266640598837384,2.3451375890603496,-4.674874469005192,10.729487776143204,14.969166
5290950906068692992,118.9011466375524,-60.204970776391114,2.4225465737443916,-4.4122666807718955,11.105398310610987,14.24525
5290951112226990336,118.6091565648642,-60.32160827049896,2.4359097621564056,-4.594438454162658,10.548108146551376,13.192973
5290951455824379264,118.58566388955302,-60.29326293115242,2.453769305775216,-4.334047094512638,11.051106433001461,13.620734
5290952074299736704,118.73770017800572,-60.2335996149602,2.4122077272224796,-4.488241087335633,11.161918613327973,12.111413
5290954994877585920,118.86203639515267,-60.13101687617206,2.361391030622506,-4.778653211752875,11.147277803443956,13.688302
5290955544632800000,117.367609806248,-60.78820353644397,2.456678192693232,-3.529893024761729,11.426019968714284,11.61924
5289872972356315520,119.67760469149094,-61.6380566063257,2.4190347862621797,-4.4619739579685325,11.737127400231056,14.161817
5289873315953700608,119.72947819346345,-61.62893132305186,2.42657395694087,-4.845730488874618,11.300793065873266,13.307015
5289876270891357824,120.22817926161238,-61.59004101858792,2.3635341145092204,-4.323956901427788,11.111858355543024,9.27235
5290964443805721216,117.78684233886142,-60.59798186793822,2.3955948737609942,-4.991227243253041,10.688133218671659,14.51317
5289876992445790080,120.15990449755776,-61.58181053929481,2.414943009153429,-4.366545259809651,11.503294454971432,14.554125
5289877576561348480,120.29485075178536,-61.52424060895636,2.3933055642157846,-4.694590086150609,11.460318822860469,13.94521
5289877744061776896,120.25359309551636,-61.5241717682958,2.4142457224391154,-4.5501585757048115,11.977381094565594,8.359291
5289877748360039168,120.25526020710092,-61.5231763984046,2.3864308432241894,-5.024643162417085,11.894703601133738,10.708502
5289880084822105728,120.01954718228215,-61.49573452893568,2.5495882535946346,-4.692614024424397,11.03628154521027,14.811508
5290968085934209152,117.89494469760241,-60.41238809299006,2.4421910141886003,-3.9940644884454883,11.326115450199724,10.90668
5290968463894682624,117.98848044646762,-60.384261709718885,2.439368332304483,-4.568768588454673,10.126884370625215,9.235019
5291456269100213248,120.77959056707216,-59.378482869270165,2.2872630450378804,-5.045100224504429,10.485857008661917,10.973371
5291458708641729920,121.21450814680041,-59.34622042242527,2.4548685542252344,-4.873762761218182,10.834485442557291,12.80055
5290973892733156864,117.34331778784558,-60.512583113240574,2.4255875603071533,-4.586802564461244,11.587482269152247,14.086902
5289886716251534336,119.67125092125305,-61.50494553442684,2.42651771032134,-4.176057667840153,11.689404797822593,13.250333
5289888262439659136,119.24820563418409,-61.55626564854943,2.416738619033068,-4.787575544695886,11.609676777139136,13.549189
5289890495822656640,119.4993666216836,-61.4519179990516,2.4237342276965608,-4.309707569266351,11.456019451626483,12.699533
5290980214925065216,117.33315404920975,-60.357017696002,2.4828269725239696,-3.975055596177927,10.143953932865987,11.361109
5289893004080072320,119.94260398619296,-61.42871067771886,2.1859883681109085,-4.3725806334369794,10.943653083196564,11.036718
5289895065667973760,120.068868968621,-61.35394574841434,2.6749100551704954,-5.089330296898843,11.889348519124878,14.1443405
5290985364587849088,117.7927250663708,-60.252668489300675,2.4742351404512304,-4.405556489240478,11.490783227722636,12.560528
5289896749295043840,119.64553645475769,-61.399032001244336,2.2834374975244582,-6.219672076040197,10.374550872806221,13.929946
5289898020605414016,119.98416766909071,-61.320241896367065,2.425714963520449,-4.594186325235374,11.683311839992172,12.627605
5289898329843059584,120.00213924684762,-61.330031141149256,2.4104501068806843,-4.662473011689065,10.00009422446176,12.897205
5291471078147443584,120.59032964032416,-59.280350411205454,2.4448726674142067,-5.332240467074058,11.021546424913177,14.6078205
5289899910390965248,119.95597245803319,-61.21159245261391,2.380971275362113,-3.7325411184972714,11.209996280350829,14.378702
5290381874439030528,122.90287625798402,-60.397334128459754,2.4111401415017375,-5.13804043914643,10.661727067402039,11.275968
5290991347480505600,118.23093188969709,-60.35891671813342,2.4070611697946678,-4.930066666564892,11.931454132701184,12.501376
5290991553638944896,118.24388496208294,-60.33855615151029,2.432080491072239,-4.211754931011706,11.018688723520805,14.548196
5290994302418060160,118.26849337703295,-60.244579919960195,2.479377935548723,-4.565839597137245,11.951184998723248,13.259882
5290997291715292800,118.2311687174302,-60.2359860335864,2.450411424881692,-4.28618475733294,11.131415449484452,13.573614
5289907843192345472,120.90031221344822,-61.66796392381553,2.4194669803815376,-5.278683367262487,11.384546087201512,14.107949
5290390086420227840,123.10021894342165,-60.20081573320229,2.313005349877032,-5.054260293869203,10.172800091902861,11.643552
5291002445676294016,118.83698955053137,-60.05180819212887,2.4410456107440144,-4.863469250783377,10.77609943439823,13.48454
5289913001453023360,121.41182785195524,-61.51102732073971,2.4896365272376753,-6.074441490379437,10.63843561985311,12.940081
5290393144437053824,122.00304502780568,-60.741188179370496,2.3981033161003706,-5.272738058158131,11.981984258064863,14.247291
5289916952822778880,121.2376615213691,-61.44506623593331,2.4557929531798632,-4.665284671312316,10.881311309396382,12.680384
5290394690626552960,121.95173092840693,-60.642161370322356,2.4444247905092227,-4.815606847541771,10.605087151803392,11.880544
5290395618338146816,122.18518487977744,-60.625763360179974,2.430098969994695,-5.460156416935929,11.154999546281127,7.2945743
5291008596069161856,117.96554781130781,-60.203332106494926,2.6831275620259047,-4.206903562474327,10.75743629849017,14.071589
5291009523782112640,117.9647690842397,-60.158804709492834,2.4539134474510584,-4.077737202207466,10.888465868421667,10.296055
5291010004818471680,118.0002631953783,-60.131560852105444,2.49175296852444,-3.8801299998792524,11.501848382113508,13.11921
5290397748641833472,121.94135904980523,-60.61888881652235,2.34661428684632,-6.434842059960812,10.801063257874452,14.1909275
5289922244222398336,120.4810319837555,-61.62056438690999,2.5554817323329924,-5.121973987944729,11.884000884110362,11.599328
5291012753597504640,117.85217304908019,-60.13042982065125,2.267320355795886,-3.955936810067067,10.743837104180226,14.462193
5290398951232592384,121.81850185302066,-60.57156844743256,2.4237173955822886,-4.832484758066659,10.476690360086858,10.166021
5291015536736452736,118.1653852613718,-59.980052819132034,2.5315002261401354,-5.648093661817425,11.990881702841614,13.943897
5289926573549512064,121.00548992084214,-61.522827689364334,2.4718676464933784,-5.298599297845728,11.305377506005723,14.161607
5289926676628726400,120.97234040844035,-61.525537272143005,2.4865021052574687,-5.0200533811392205,11.324547684605715,13.664173
5289930181318610560,121.13929491951274,-61.34478968203838,2.465712659848897,-5.822158321253769,11.256388604122895,10.76578
5289931177754324864,120.89492552655642,-61.41848088898302,2.4088999679594556,-4.430367410893446,10.811395500647466,12.119299
5289932277265953280,120.84274731959589,-61.36651596858186,2.348630106490749,-5.731042919158571,11.503929244955021,12.870339
5290409190434650496,122.33824738919857,-60.35068759410597,2.4652206289025886,-5.327394840114628,11.133095461372942,13.741402
5289934751163440000,121.15734112542977,-61.250431046058445,2.4238951189391647,-5.496873261278651,11.529402847084334,11.3539
5291027390845814912,119.23334655892917,-60.3284004654018,2.424043578659211,-3.9750192238340025,11.190718478507494,14.082391
5290411252018835584,121.65700567672553,-60.56837747618418,2.5646566511223288,-5.475231958516884,11.297527593063894,13.960004
5291027871882168576,119.2794737640521,-60.288296525204835,2.4430157778034056,-4.461374333730837,11.063597268475029,10.239353
5291028009321137664,119.31421383609963,-60.26770205052103,2.4523281129952923,-4.690837826752593,11.656494271887627,14.738831
5291028043680884096,119.32822252220478,-60.258154652404585,2.3821134219005478,-4.515795240668233,11.30863389823721,14.061822
5291029658588623488,119.39965055425836,-60.222352599587104,2.4293997965497374,-4.343902495745933,10.930821139340535,12.749517
5291030208344498560,119.50151723625947,-60.16886238080875,2.38502759545777,-4.816718122049659,11.190497777158505,13.366675
5291030448862535808,119.23937118726786,-60.29882648400805,2.4472032040719998,-3.9877837705418617,11.15964450759578,12.345931
5289938290220478848,121.8216183664489,-61.366111563336645,2.444614692873198,-5.10249921625138,10.403838581535263,9.252989
5291031101698322304,119.22196568890966,-60.25666688164404,2.440197591948673,-4.231663447867464,10.249423144803199,13.086024
5291031582733905408,119.1670468571721,-60.24539849788923,2.398487100205436,-4.066439276942217,11.36519758575443,11.937576
5291032132489758208,119.25403604633304,-60.19601378446489,2.438296878145718,-4.91510466828539,11.607121280440994,11.2975025
5289940145646342784,121.58542365690805,-61.402745168253816,2.4355060100154935,-5.304283425688485,11.129475627009167,12.420629
5291032613526130048,119.39432934880122,-60.206698045541486,2.463749920638963,-4.07686597403762,11.439166089056318,10.335565
5291034194074141568,119.395987945402,-60.116370896704815,2.3972969879395585,-4.801701624195704,11.205283185342577,14.809135
5291035912061108992,119.62697294443714,-60.1577724496927,2.4509731593276642,-4.279391067255338,11.280849305272273,13.1103325
5291036324377993088,119.67141500715783,-60.138755045473076,2.442165598271814,-5.194594539593849,11.124292086625257,14.507836
5289946399118750848,122.18015837411892,-61.2354664331785,2.4980846736841507,-5.397485742661748,11.284966470699588,11.314499
5291040103949259264,119.65313999410824,-60.03608203376888,2.4176764270330664,-4.614963538399744,10.994537657308085,11.698259
5289947739148461440,122.08411086475157,-61.16707514106644,2.4540765016690873,-5.235707137180981,11.219840919054098,12.822951
5290423346646600704,121.97386869921274,-60.32849816701988,2.4363393723926117,-4.938421669415998,11.043101264311284,13.4553175
5291041547058288896,119.69235627796779,-60.02099194171538,2.4297082543269273,-5.135601180733328,11.16296578204819,14.577963
5291043917879994880,119.1273384900259,-60.170932441683725,2.4253295680600875,-4.704184460406635,11.264994956017125,14.240052
5291044089678689408,119.15581083436997,-60.18304838597214,2.4122480313069654,-4.824237726807925,11.24075355066337,14.176062
5289950487928524672,121.89576308695831,-61.11526437230109,2.4673059242376847,-4.835637994648485,10.416850134146511,10.614792
5290429561460044288,122.74992061573079,-60.29353841307487,2.4282412470840544,-5.6166191045107885,10.552824546950074,14.318206
5289951690518300416,122.00415106191183,-61.111755632555465,2.442910992851373,-5.02089584778311,10.922733353909218,13.574535
5291047968031896576,118.98797695121964,-60.1114409573844,2.4094093321865206,-4.542148573740246,10.865277088892427,12.052533
5291048384646003968,119.02452239962611,-60.05952774695077,2.483506076491768,-4.890332850145517,11.524117898910198,12.28253
5291051854979713536,119.2641259805059,-59.932120504648026,2.1982920550213176,-4.101488673566681,10.598189807090058,14.492171
5289956913198386688,121.59640371812142,-61.139770680174806,2.3752644336959823,-4.7337543663328505,10.580541361171202,14.864496
5290435716152603008,122.64087347889604,-60.16628532894208,2.4434418517269743,-5.722782598170513,10.77526141203337,12.251634
5291055462753640064,119.78543970914296,-59.837268346212035,2.3888644961471064,-5.062449218283801,10.996877977342649,10.615218
5289391729859876096,116.75103034074998,-61.25803348609892,2.477868524594134,-4.153085165347154,11.611119094829881,12.224949
5289960619749942784,121.47039093923209,-61.09660164256838,2.482846063508811,-4.368995185208513,10.833397716024106,11.856723
5291061235188475520,120.06660771619492,-60.007146235942045,2.433460073162777,-5.047737430778989,11.27447944591212,14.565041
5289398395649187328,116.85481618514629,-61.056416225275605,2.44528859976236,-3.7369326460531624,11.854982394795808,14.602562
5291062472139045760,119.95968374123794,-59.96700838750685,2.416616468710221,-4.971572970520382,10.934641409381648,9.566111
5289399147265373184,117.22916155935937,-61.134179146809544,2.4658330533756767,-4.2506480585710475,11.547450166666525,13.542705
5291064396284484224,120.16978782683258,-59.88723899854869,2.44051968042178,-4.330760683771483,10.921079450793396,14.721768
5289401311928879872,117.37063919054472,-61.003518062187865,2.369468443413891,-3.770849321162444,11.171754950375208,13.651114
5289402243940196352,117.2484997303598,-61.0061602789547,2.370084812626833,-3.8256065213792003,10.722250029206581,14.040795
5289971447367604224,120.34538909309784,-61.503017269630234,2.3801506827316654,-4.771569488453279,11.249857253797193,14.485764
5291070100001163264,120.43284696400724,-59.798113965196684,2.419539855922324,-5.064069878139915,11.083927824487855,14.714513
5289972031483161600,120.46736897775327,-61.44840016837217,2.5049966264261188,-4.360373177718968,11.537993275956465,12.744705
5291542408965073024,120.13640366843046,-58.866676322775405,2.375943356870363,-3.9869503913646533,10.649667944960534,9.585045
5289975364377712256,120.3971277453833,-61.40161415782183,2.5486136045712726,-4.662164687208925,11.530713655160211,14.018825
5291074017011442176,120.5857801296165,-59.632413816237005,2.389876726250354,-5.037724488904803,11.221958365532549,12.193388
5289976085932146560,120.30840187020027,-61.36770306410306,2.4796416837567414,-4.849835816155239,11.233966465163055,9.716635
5289976360810053888,120.29365107612762,-61.3442076854151,2.4221969407875026,-4.468980210457829,11.190495755982568,14.150351
5289977872638551808,120.57143607341699,-61.27692464240922,2.4239369625764122,-5.438214816798055,11.648411776327357,11.813745
5289978010077507328,120.60754275963598,-61.2518242404842,2.3792154695008736,-4.648401397117063,10.629497423131896,14.319606
5289982713061723008,120.90914347554906,-61.20249038667674,2.3583642113076246,-4.836303246151524,10.832120909897665,13.042512
5291081301275802624,120.04257539928099,-59.70956801441082,2.357065705685793,-4.959128789028204,10.894745376799348,14.381537
5289982957879844608,120.95398907504173,-61.15497417335811,2.460368181159849,-4.579219794237319,10.786820770292653,13.17157
5289987115408111360,120.7888502952364,-61.1099984731435,2.3938064448695195,-5.206977394664171,11.02186780479645,12.048909
5289988416778566272,120.22055711264338,-61.30821917402449,2.4547713842101473,-5.204339268836412,11.576177753777026,14.953908
5289989692389863808,120.25716475388462,-61.243164218540585,2.438550788428404,-4.38965747913838,11.143271528245412,10.359996
5289991994490876928,120.46551633747362,-61.14531493407698,2.4816545648145696,-5.803967266841727,11.598633568438327,14.940577
5291091643557243648,120.36560807001116,-59.440776229136645,2.3635697134301528,-5.584492404169808,10.162662922004191,14.696178
5289992372447986816,120.11521186956243,-61.261481612321425,2.4201098398260292,-5.590825431356244,11.532357546016232,13.948384
5289993162721899264,120.16634280720322,-61.20353033991144,2.4499665037141782,-4.7722817921514284,11.934281059713744,14.10889
5291093533342800512,120.16510727530158,-59.46191552289307,2.310161678414663,-4.753296031680414,10.450814747287257,13.210306
5289994502751632384,120.17938715925607,-61.10316895328152,2.43324998840466,-4.8070650200112635,11.311252155454376,14.903503
5291094839012934272,120.42131022928089,-59.38909671041488,2.476201028326857,-4.513196312934322,10.920978357412002,13.808214
5289995494884385280,120.41702089521074,-61.07836734842916,2.4249877938945765,-4.445267372188457,11.7666378514565,12.538536
5290000034671094272,120.72378524979187,-61.029935193442654,2.315770844447319,-6.106094486712107,11.123937873434205,10.674878
5290000069029332736,120.74104056057811,-61.02869304271029,2.4253743277887065,-4.605298155722594,11.719602672039915,12.779195
5290000309547500800,120.69968892501721,-61.021112397410434,2.3992688051268285,-4.826948975057075,11.1491890576845,11.552261
5290000721864368768,120.8804867402112,-60.96489547259284,2.4117687020217717,-4.487647584366895,10.442731266441779,13.158169
5290000996742276224,120.84439340949012,-60.93338603190243,2.3431040216209738,-5.264504071158163,11.189207922378893,13.249851
5290001134181211264,120.48987879802492,-61.08175554809459,2.462916808490368,-5.0672575560422315,11.589769424792264,9.436197
5291101436082116352,118.95567479730762,-59.86414110622198,2.40756694177778,-4.672189353393976,11.008315801182263,14.645009
5290001718296770688,120.6042198464046,-61.01988279947541,2.438161346238413,-4.911492918661771,11.188173620793076,14.655297
5290001787016179328,120.59691446694136,-61.00152214556163,2.4450838216058157,-5.017161558011563,11.760204222012284,12.309926
5290001920155452800,120.63151237756001,-60.997958253202874,2.431012989466737,-5.647696944712759,10.578023768264412,12.388735
5291102123276830592,118.75617497435226,-59.84935375671278,2.339804597822039,-3.972325969184215,11.123453823718979,10.410568
5289457460039533696,116.95445407537434,-60.78167013786264,2.5599856645220225,-4.217053278562476,11.844319349172778,12.672834
5291103463306757120,119.08337089535542,-59.79123252276086,2.523926216443055,-4.825660582916454,10.729758113786941,11.29086
5291106383884588672,119.27353598119788,-59.76455825489637,2.4025830350348354,-3.8795110603551493,10.854582934372566,11.243381
5289455192296836736,117.14728533898219,-60.78597232186265,2.365628791045874,-3.9383521396347936,11.279752280087523,14.217955
5290004673234138112,120.6922005750708,-60.8937183627515,2.4680414813762126,-5.401283078846761,11.355472177090686,10.757783
5290004909454899840,120.64704238623318,-60.877106964618505,2.320873937552329,-5.109008242809975,11.563331228463113,12.389397
5289457322600565888,116.87511787151952,-60.78409346846321,2.5756120989988753,-4.828385630278777,11.366854026768072,9.654321
5290006150703319936,121.23531583150582,-61.11447572437502,2.409944640676851,-5.021126284805982,11.233611687403055,11.246952
5290006734818801792,121.12717397001175,-61.110209492925776,2.3659971697983733,-4.74661408803755,10.594257189379844,11.912399
5290007112775924992,121.12504246936992,-61.07513530849772,2.440502280123543,-4.584092244758589,11.5669649332272,12.830394
5290007387653835648,121.23563770232379,-61.046242577292794,2.404963605185319,-5.153140683308068,11.122797462911462,13.554543
5290008281007108608,121.44061630738659,-61.04524979938747,2.4182101111638867,-4.4644892737106225,10.983242573662253,14.809983
5290009621036840064,121.4478038754394,-60.95049815842322,2.421663910875007,-5.298230823284089,11.11795702606347,10.118164
5290011235944456960,121.04803392731503,-61.001921130606334,2.4520238509873864,-5.077246886641989,11.992901308271419,14.099099
5290011235944457088,121.0487825279807,-61.00228487612989,2.4428922987932853,-5.289686007711852,11.524326299018941,13.083267
5290011373383335168,120.98086400231566,-60.99423369500453,2.4371859616516787,-4.469098779600675,10.6313165205983,12.147628
5291114424063215232,118.82780083789015,-59.793366557845765,2.4899013551989877,-4.868215314726158,11.513911008775391,13.353954
5291116829245039104,119.06740941627275,-59.66453970248397,2.3457650356674633,-4.931299320890232,11.010222883875901,14.385439
5291120540097589632,118.82802057128858,-59.63585539860944,2.468569552236003,-4.892824640542825,10.69274047585334,12.659557
5290017592496087296,121.84116032222448,-60.77290413100483,2.4011043326766357,-3.984271077461286,11.535211400093797,14.050507
5290019791519261824,121.55280117561551,-60.78292821302097,2.415353405395586,-5.44674216610685,10.965582209334078,13.585544
5290019997677687424,121.46226121647055,-60.81282253907805,2.438323446489371,-4.432510129822466,10.465278797883915,11.245045
5290022059261997056,121.59555025787319,-60.74542402949258,2.265152626148488,-5.382098920339071,10.092193259818476,14.901443
5290024533163062144,120.92347093175606,-60.90750462191381,2.5009556998110343,-4.59326548255973,11.536881239421291,8.269524
5291130263903361280,119.29444389010538,-59.37400312308553,2.4965376835206596,-4.5816288753545145,11.240804894184988,14.715112
5291131844450888064,119.6758910473117,-59.61469880215661,2.3760620647524524,-3.5794004454348425,10.204594723327348,14.4015665
5290026762248360960,121.05735410842901,-60.82210849312302,2.422926323141097,-4.587199613321637,10.998199019445044,12.285126
5290027625539444224,120.87638911314343,-60.87598717366078,2.4236430770664383,-5.62970901944304,11.414230620996857,12.795158
5290030339960312704,121.1402158552366,-60.737852744189226,2.418057660886708,-4.231344411230891,10.830592602484474,10.682227
5291137857405153792,119.58273206259413,-59.43632597973659,2.438328284121449,-4.711093414318282,11.126991657027846,9.706731
5290032092305523584,121.40204728167471,-60.76585124787683,2.4735887098430567,-5.2314730157281435,11.52155348940919,12.857019
5291139059996091520,119.83310594510688,-59.379820128195085,2.393188525360812,-5.09902084831442,10.734891585841638,14.794269
5290034909804081792,121.65934984065005,-60.618361995621385,2.408107648201035,-4.857217538822603,10.782698502562578,13.580359
5290036627790843648,121.24154443504308,-60.66908188135722,2.407642680247733,-4.805817057738301,11.18656939394041,12.0397625
5290036937028491008,121.31413853733872,-60.65689349634336,2.4367495189298447,-4.910168214597317,11.020629617712828,13.502361
5290040544801035136,121.4495649933783,-60.4740856178974,2.455713261328571,-5.529168184624777,11.158016226498546,11.856125
5291152868311570048,119.69080461985673,-59.28134292449745,2.4257070945651718,-5.249192232007409,10.86244629906975,12.8698635
5291171701748700032,121.55067778627203,-60.26029841074515,2.424830830048295,-5.092192727416705,11.044236397386594,11.483486
5291173522814752640,121.57530878813475,-60.19896430664431,2.435003567309911,-5.53565512033897,11.059456145460306,13.569436
5289543531185090816,121.20787830277324,-62.46105326984099,2.4137253273340047,-5.202833050855084,11.138865907065776,11.299523
5291188812898066560,121.24977290293704,-60.109305159850685,2.367813579192117,-4.234052955640464,10.780479380672443,11.711424
5289563391113602304,119.98820762842112,-62.63261434419266,2.517016891869357,-4.800313361335332,11.808239408714211,13.860619
5291199704935161600,121.76910780265626,-59.83111376215257,2.3815300733775255,-5.142134703318307,10.76283547593891,11.196512
5291200873166152064,121.76998877591627,-59.78246964101386,2.436630133146387,-6.2627093916788805,10.673812047007344,12.430316
5290112150492624512,122.85382971714539,-61.42959635255683,2.4731314306546808,-5.717005912669955,10.978196337153527,10.591633
5289601564784320256,120.31893677380918,-62.426883079169414,2.3234992917377033,-4.833661622430108,11.129292458664235,12.992176
5289602080178872960,120.14523220123974,-62.44228232303492,2.395776568827606,-4.605399860313921,11.235804185752897,13.003594
5289602664294361728,120.26546341648283,-62.380435997552816,2.1348608720428865,-6.3172879806739015,11.021564272141916,11.891255
5289613208437434240,120.78134943312756,-62.132763951512295,2.4376260633736835,-4.036795653904472,10.790647874719165,8.084579
5291232621564434304,122.29276288848132,-59.560903999422294,2.2787119361638304,-5.5222509338169665,10.474132952462707,12.773276
5290130979632674176,122.7188500743327,-61.24698153083643,2.4872279021761345,-5.240884909293694,11.301959924864418,14.386641
5291237328844633472,121.07807687349653,-60.017777540311606,2.4674785473444936,-5.488939975574878,11.475081377851508,11.195469
5291241829974083840,121.06055570924123,-59.89842292229194,2.476407125446602,-4.831541562534892,11.276035990723901,10.765448
5291244853630884096,121.22189615947022,-59.77376313635794,2.4300612268446624,-4.605956209131694,10.81386051944849,13.973461
5291247602410155392,121.58086873126686,-59.719156617066716,2.4475805311555723,-4.748168809545434,10.618100952537688,10.766689
5290606140456026368,118.60216008025445,-61.80872729096742,2.4545053607082545,-4.901793320356916,11.59414606978067,11.635044
5290606243535243648,118.6301723882772,-61.78460044418798,2.4067763899860446,-3.951314748541387,11.673450428439176,14.713052
5290608098961048064,118.34504589547724,-61.825637503062865,2.6505872322188653,-5.207260206137481,10.618386930675205,14.895861
5291256776460093696,121.11169524983185,-59.76046800786745,2.3831950566841,-5.136896729131508,10.35056954135731,12.1367235
5290616791974803072,119.08084600707743,-61.499723319974095,2.4024628052189025,-4.538820095763675,11.065402964733188,11.733827
5290618956638156672,118.85086682543121,-61.491961379612086,2.4438762548603252,-4.358847547394805,11.879525741970388,13.907218
5290622117734044416,118.35290760634236,-61.658214215485266,2.3706737878711386,-3.829693408714741,11.438003953647517,14.435875
5289664477464723456,122.77842399263402,-62.00019534811784,2.300839905902401,-5.877462764327457,10.74734595376393,13.199283
5290633662607628416,118.80435534925694,-61.38215000178434,2.379837348897801,-4.254327545477454,11.157798249199608,11.123296
5290171043087416064,123.43485527460061,-60.74270326758392,2.5265263602518506,-6.270454946804742,11.156940181017639,14.759408
5290634418520265088,118.93587105247371,-61.29290698613776,2.387105766004151,-4.810924340682468,11.528672811619524,11.901794
5290635414952667392,118.67200577687552,-61.36356357985682,2.4169157408091455,-4.583810889338228,10.953204452827636,13.9458065
5290636377025252864,118.57250389253747,-61.34437098299924,2.4804053931507566,-3.938160531178547,11.756671770356125,12.878703
5290640328395589120,119.16385023865183,-61.46523826017017,2.4171416115093347,-4.603434753743279,11.44266688687901,12.814222
5290641599705993728,119.52247997238605,-61.41649512495114,2.4408557542099794,-4.46381053216056,11.033121637648062,14.593113
5290641943304655744,119.48917671723761,-61.38364925759031,2.4390437444205193,-5.043561274166969,11.699163453781292,13.835494
5290642699218901376,119.48395027576426,-61.36551386992847,2.500855727135506,-4.011827907457407,11.435173568577133,10.365406
5290643077174550144,119.46558417958039,-61.311555879788095,2.4331462234950063,-4.207004663699397,11.372892745541028,14.826403
5290643145894030208,119.50806554747868,-61.308907121333064,2.3715933561711724,-3.5798038268469474,10.760106469957988,14.541876
5290645791593868288,119.30856007366137,-61.329626576872215,2.390820933671063,-4.238832127123965,10.948378654969437,14.008
5290645860313348608,119.35654718675288,-61.321219919983506,2.446287691025215,-4.730995671061257,11.3422308616517,13.687075
5290646130890161536,119.47538299665038,-61.296918804366,2.4188757234575102,-4.360591622986153,11.469291252889612,12.038329
5290646410069174400,119.45002494097535,-61.27612268006247,2.438511714478003,-5.146077547510308,11.627129800154098,13.613092
5290648093696598784,119.67621547656458,-61.308742276972495,2.4917181798312495,-4.410508260721308,11.947517397002944,14.824779
5290648093697827072,119.67534307425217,-61.30835967075761,2.4524037029494643,-3.9579102115730427,11.543259579894134,11.002117
5290648712171776896,119.76297296073241,-61.25246241115236,2.414630669716635,-5.331132028482485,11.664074055958043,12.009334
5289681657333632000,122.52279711773232,-61.82311893629393,2.4350356222476996,-5.84728898352502,10.979832926505413,11.141898
5290650052201575040,119.84670861988495,-61.23473765159763,2.429669319212876,-4.397597417330644,11.171761973840614,12.912468
5290650705036608256,119.9147074691369,-61.19437562054751,2.461854294356267,-4.242334531359643,11.643651370371357,10.855732
5290651323511794816,119.74877564320529,-61.1818790444875,2.4392194622217294,-4.815589950124294,11.08859972196965,14.118124
5290652663541576832,119.61300964412632,-61.21348870610452,2.3575916067163623,-4.009733401460018,11.072641853297384,14.791176
5290652938419483904,119.58680179892002,-61.19605914343877,2.462866898837292,-4.638281811593646,11.986292641800466,12.947927
5290653350736340736,119.50911579428767,-61.19114913059818,2.4294297515885863,-4.920168615971372,11.32748345185646,13.862302
5290654244089553536,119.70660590913467,-61.17563860187358,2.457802359834829,-4.401040034650288,10.870693482115842,10.532554
5290655481040144256,119.7109448167037,-61.11404718726539,2.4314739582313254,-5.7108776957036165,11.664965163939343,13.070034
5290655549759621888,119.69352610907805,-61.09960395881322,2.4092760527263732,-4.771700560957549,11.346887292578817,11.648029
5290655549759622144,119.70131605593903,-61.10409529810258,2.4367931483523746,-4.132592225654157,10.946364415202089,12.190038
5291290380284301440,121.72574202759012,-59.420018712538955,2.347172659309242,-6.2849432513282455,11.73209170243745,11.340357
5290657336465950976,119.09445577978815,-61.28387690822963,2.4581838539636505,-4.593736196922629,11.25574152960133,9.339483
5290658161099482752,119.08656766397544,-61.25392899349621,2.5207142151487614,-3.963633015409453,11.070916975568627,14.44462
5290658470337128704,119.08192960133424,-61.224929465026484,2.449122035564225,-4.949275608051716,11.069583104816319,14.976471
5290660600640916608,119.28670261910014,-61.14732244331006,2.4388152986578664,-4.880332478122391,10.806642502202033,14.9206505
5290660738079873408,119.33371800181635,-61.12049653288391,2.419468308193243,-4.695281267605304,11.497834112504128,12.841585
5290661116036894592,118.91941526470633,-61.25562706475621,2.4077956613926146,-3.6099319930969003,10.578878803461759,14.967156
5290662387348835584,118.96086705778123,-61.16914409000918,2.4917433804256066,-4.503616328003667,11.84589379065581,8.144637
5290663727377028736,119.2868719507435,-61.11278092449135,2.400102199788389,-5.121885710446485,11.390330733454663,14.752404
5290664070974326272,119.24809737088152,-61.065412536710696,2.411913049318095,-4.214690194170105,10.939747470380667,14.060824
5290664070974413696,119.25087492252179,-61.06576683759846,2.4106493869661634,-4.330678187870199,11.087626474907857,13.785144
5290664689449614720,119.19830483233403,-61.076962529186986,2.4319815701414873,-4.968378126479332,11.553654266016936,14.932071
5290664861248309760,119.25664735830301,-61.052289923072884,2.4314595605967866,-4.414220043674819,11.142949807470545,12.955114
5290664891307297920,119.21922576120268,-61.047915992567674,2.435556036071187,-3.708932967921383,10.680142752125093,11.40185
5290664929967787264,119.25998013039133,-61.034654526873545,2.444733493155205,-4.213776067480007,11.451184461267916,11.811697
5290666854113227136,119.42030108216467,-61.058431835179384,2.424274926224173,-4.627433202542959,11.155633614813,12.842038
5290666991552265088,119.49425435879677,-61.06081734398856,2.4499044860895647,-5.413821884272907,11.06133322603153,14.582817
5290667472588665600,119.6538221553338,-61.076133429219134,2.421346321530995,-4.293001273780741,11.875727170844625,13.201
5290667541308087168,119.64519963905393,-61.05329583723708,2.4758082965914086,-5.843825421550412,11.495892064693765,12.90353
5290667713106775040,119.59901351085477,-61.06229520170622,2.432597459293379,-5.645531105501394,11.76013367147402,12.968428
5290667949324010240,119.65891067009748,-61.01345959916003,2.6155077758184677,-4.627123659028771,10.89725164194154,9.438716
5290668602159040512,119.55307898482307,-61.031018250626,2.4552535129528765,-4.818178204944523,11.581626481683267,13.244049
5290669431095246336,119.62688791505992,-60.955253932538845,2.4686714432968335,-4.881678909674434,11.002543045501,10.340058
5290669568532574720,119.68395374462497,-60.93359118100711,2.442432856336155,-4.538637133933762,10.837095806704681,14.200508
5290669568532575232,119.68020787894228,-60.92376439672543,2.4181456504218777,-4.5101851130174415,11.55983627198209,13.6022005
5290669602892314496,119.6976440017668,-60.92338555484394,2.41315969963115,-4.796132833728759,11.869413944320742,14.517138
5290669602892315008,119.70271840852327,-60.92349824089963,2.4338891848757727,-4.826272721095026,11.582257006996043,11.830579
5290669602892315520,119.71211969436149,-60.918484417738945,2.435711523802983,-4.589886257859285,11.35825938257362,11.143175
5290669774690987776,119.3949395359267,-61.05846672388002,2.432763163096829,-5.127806787249144,11.82982827686387,8.744003
5290669873469360512,119.41305817539786,-61.03591089254504,2.5078926311860616,-4.355078173822221,11.24174724389535,12.588719
5290669877770204032,119.40201491403562,-61.035630637923404,2.463698837944102,-4.753780432440687,11.692671695195935,14.520591
5290670324446806912,119.47544814836505,-61.008509284664314,2.4587608554215525,-4.7699010542930305,11.154978154443704,14.445545
5290670393166282496,119.46720203863696,-61.00875298489236,2.4444254109449113,-4.468005523500083,11.551574859924008,14.083091
5290670496245496576,119.43960714995822,-61.00635557398099,2.417811587857787,-4.412565268326832,11.908624673609994,14.409089
5290671286515026304,119.39397863214899,-60.993010756949275,2.5934065756923106,-4.933804848013987,11.49736670910428,10.228672
5290671286521084544,119.38225451160689,-60.991505369363054,2.507206478189077,-4.657939573573024,10.937659010648046,10.805323
5290671527037564672,119.43843098351503,-60.93877140318403,2.4885981667084063,-4.362998934520627,11.397096146676766,11.26065
5290671527037565696,119.44958587043864,-60.93692534689554,2.431284660038202,-4.832193929980821,10.60865702195982,13.606492
5290671698836255616,119.4088988943835,-60.94891667452669,2.3996400723863145,-4.375318486210655,11.252671994706295,11.080141
5290671733195996416,119.43837368732362,-60.926412895820796,2.45661052987961,-4.460312493518473,11.199592279683712,6.833875
5290672179872595840,119.49712357696961,-60.94813499805427,2.401798386443485,-4.930354370043361,10.62126755188296,12.460078
5290672351671291776,119.57008828825951,-60.91456025628581,2.4166237600035614,-3.9852864797038374,10.895439468766632,13.79628
5290672557829815296,119.70016278212839,-60.903931203583376,2.418274166212516,-4.450225050748446,11.918023950055716,13.896784
5290672695270366592,119.63355661679805,-60.89751587097782,2.42557554183888,-4.762503776380399,11.820896960749575,10.468784
5290672867067372672,119.63127798357829,-60.8861265092689,2.3920545776777575,-4.870244351378981,11.190260471320276,14.500767
5290673038866056192,119.48374817076653,-60.916354933501815,2.445109089252011,-4.577580578727247,11.12411355852436,14.11171
5290673348103622272,119.49029339463155,-60.894099214550415,2.424311507625104,-3.878206671898771,10.492701977864833,14.237989
5290673519902401024,119.60034115885048,-60.87521563480609,2.4687844175054754,-4.650773768577153,11.337276061129412,9.414723
5290673760420486656,119.55417647084771,-60.874058890102845,2.442403113939911,-4.234626126988181,11.17342045320039,8.187638
5290673794780226560,119.58020038003876,-60.8666146999943,2.3846987210493507,-5.590519185657802,11.758761954137151,14.894317
5290673897859442304,119.59272673614463,-60.85615340244114,2.4732325120531726,-5.285646245259707,11.625687401118395,7.960312
5290676646638613760,118.29084023248663,-61.4191032326091,2.4262301068976146,-4.820403388742097,10.518518052691745,14.315727
5290681731879648640,118.11908430593616,-61.31360220742329,2.3368719240622373,-4.835648097605481,11.086372417417312,14.523008
5290682689652668416,118.25283547739323,-61.217752928615035,2.4540035461667165,-4.6987416136128,11.630936441699909,11.091061
5290682797031462784,118.25553663506341,-61.203572672038355,2.361855402963633,-4.179156984536326,11.597018584794064,11.969406
5290685958127562496,118.74187892867278,-61.18020174627228,2.395330588731535,-4.113132270492529,11.212100548720946,13.052562
5290689084863589248,118.4493181135185,-61.14209660128423,2.446335027481953,-4.151772299129734,11.249994908039174,12.251069
5290691588824895360,118.64687735273817,-61.01695701360835,2.4459466686609406,-4.658596489959795,11.365128544298079,12.485155
5290696128609865600,117.80001956922922,-61.25451517194052,2.4527213857346264,-3.8909471719770172,11.561470825782164,9.068295
5290697709157756160,117.86359392416635,-61.16573255203288,2.485956412501176,-4.19528945510177,11.848906181133703,12.590852
5290701420009591552,118.42422512072157,-61.07614879528463,2.452923384638061,-4.327986015308428,10.938630077256631,14.754092
5290701935407478528,118.24960288730354,-61.084439145693864,2.451732171213315,-4.291382893099795,11.296475724257146,11.33743
5290702107204358144,118.36857625170832,-61.06933912197094,2.374923557030593,-4.373900229465185,11.083575334848845,11.986954
5290702175923834624,118.33314504134316,-61.05760526156779,2.3944397392150503,-4.243733227566925,11.745595451446448,14.439176
5290702279003050496,118.37180728657862,-61.0544380309154,2.4367651976000717,-3.678854870643054,10.97152837559594,7.8099575
5290703584673116032,118.59849812513566,-60.987031629286086,2.4069104518063975,-4.792098938591537,11.381806622519765,14.665022
5290703687752332544,118.61335121341448,-60.9624883059273,2.4098811970199985,-4.247441434734126,11.686761073073196,13.905771
5290704306227620992,118.54025130472876,-60.97421540713353,2.4422494567753956,-3.855949351128148,11.608747332039178,11.435408
5290704409306836608,118.56459874982062,-60.96882280053393,2.4260051627088743,-4.5314579775171495,11.26389093533564,13.987473
5290704581105449856,118.5332694678444,-60.947764296239946,2.360794009930884,-4.417590533639083,11.271978591195513,13.323504
5290705199580612224,118.16734034572292,-61.03986425310182,2.4150712459891928,-4.9576364321125395,11.30539082150699,13.028619
5290706196007797760,118.1132852164417,-61.02373316257243,2.412587696740969,-4.466452977532068,11.501837007055354,11.146972
5290706711411033344,118.30434906091246,-60.93571655443854,2.3766125295895546,-3.7666272382374837,11.107071563871093,8.898454
5290707948359695488,118.47322731185173,-60.89376696452267,2.4803639471153707,-4.556815705659333,11.122809216771543,12.896142
5290708291957076480,118.41618070701377,-60.91102162907423,2.4336743185900156,-4.162714680192021,10.65498413176688,14.166141
5290708601194720384,118.35635446058434,-60.8890418400614,2.4550939514493857,-3.7839166842679894,11.01442502072391,12.333566
5290710525340502784,118.84181566673159,-61.088870847878184,2.4081578479371424,-4.566897146484021,11.183950665085494,14.603626
5290710800218328192,118.8322393196177,-61.07213749754939,2.4145771123412,-4.265253797915229,11.56935580832209,12.961406
5290710903297629824,118.91824315417185,-61.07319812595971,2.4682164108522024,-4.3923742762494715,11.998142427036598,13.320579
5290710937657367808,118.90577157780179,-61.06933439402997,2.4481403236079577,-4.027582252842322,11.147560843071691,14.098097
5290712449485868928,119.16208774125433,-60.982988380229315,2.4302910751999187,-4.242398091140861,11.39877095536841,12.113644
5290712037169006336,119.13985158022913,-61.01545864957427,2.4677675713201737,-4.686762638992202,11.17093869184636,14.322666
5290712449485869056,119.16340764955086,-60.9832950424422,2.413281330030262,-4.717106149991192,11.003381551435515,13.012814
5290712758723428224,119.05571246673196,-60.98526797506466,2.365692337509906,-4.940077846010164,11.177204267523326,14.436064
5290713445918198528,119.07887347492903,-60.94816652508253,2.4688130821261622,-4.579643803129349,10.846153786918224,12.285657
5290713652076611200,118.77460695796059,-61.07481149648052,2.4397981762518945,-4.387609710867694,11.493132659131355,13.226875
5290715365765596800,118.8267604605793,-60.96214657628395,2.433665530723092,-4.679403333452653,11.2060323254447,12.471965
5290715370065222784,118.82502767476903,-60.959717138297066,2.4180686170232137,-4.625466082542252,10.968632974085441,10.710708
5290715507502414592,118.87994775769897,-60.94737382183823,2.4430902628738487,-4.726960322890896,11.019943282322503,12.113416
5290715954179096320,119.00514476231882,-60.95737708972925,2.4394160683661332,-5.10147296966312,10.896000400395236,12.876819
5290717534726987136,118.99318009194549,-60.884731783813145,2.473911446691049,-4.991278039881433,11.820869534434852,14.338912
5290717843964557056,118.99633951353387,-60.84556790594898,2.364939416109639,-4.449837487987541,10.880114917526651,14.839077
5290718118842704768,119.25280642551951,-60.95820315635586,2.4521091292824804,-4.379974748762711,10.81998394613412,14.848412
5290718599879047168,119.34702341946446,-60.93106228716459,2.462533705780235,-4.633410500355522,11.384580287296803,11.460878
5290718806037481728,119.40986936906121,-60.89045929058359,2.418937147239139,-4.125092725718248,11.133685129472239,11.146848
5290718806039193984,119.40614776676925,-60.89778804732338,2.4172187876616213,-4.903590448728704,11.223463160870887,10.807093
5290718943476432512,119.34129772250562,-60.8950426261429,2.4442266381799382,-4.030727771038981,11.277364008810451,13.28087
5290719390148237184,119.17961181989669,-60.90963476676958,2.4480308642315434,-4.833390277635119,11.325799920505228,11.502484
5290719665030852096,119.29548840012129,-60.88889013957103,2.4268561656390615,-4.704035491886,11.5369748001081,9.437087
5290719836829549056,119.36842530097732,-60.858122297636086,2.472973562126268,-4.574480490236007,11.6457067002763,13.201947
5290720042987976576,119.29509898975205,-60.84721819304492,2.462147976277597,-4.626897242350428,10.940138720284402,12.787607
5290720107406838400,119.34651406134775,-60.827311334038484,2.448008344082724,-4.141780697086035,10.694146950875153,11.172894
5290720455304928512,119.49176566454982,-60.845925481028765,2.4641651776876237,-4.695354146502187,11.037897222795495,8.991874
5290720657163454080,119.48675278787135,-60.84268804035413,2.429419442612798,-5.119684226869826,10.867932740066868,12.55777
5290720764542575360,119.54411660603056,-60.84826106308631,2.409232299854215,-4.329352478665509,11.985642474475759,14.77218
5290720798902314240,119.5467664614082,-60.83325566087696,2.359068218277496,-5.143700895980415,11.22105656719979,13.680722
5290720833262052480,119.53198059215747,-60.83382424181407,2.407384432690013,-4.878970391177602,11.332333269218129,14.607625
5290720867621791488,119.5446295412487,-60.82561495329528,2.4211894073988995,-5.117609384288003,10.96493791813265,11.865831
5290720867621791872,119.54007819605944,-60.816842991967555,2.426642888102556,-4.85265197554911,11.83851674225248,6.3118525
5290720901976984576,119.5824207925509,-60.827303064664584,2.484585798244488,-4.707593514953294,11.764433769887503,10.904547
5290721142499618816,119.52183579191846,-60.794473925043654,2.4081594406806466,-4.4264652457093625,11.508679418166697,11.829331
5290721176859357952,119.5536254288328,-60.801285652373636,2.4490327226502524,-5.161203993792055,11.440648675093362,7.179006
5290721279938737280,119.5695990133021,-60.78082045958506,2.401779916617582,-3.649634493802548,10.07682729405449,14.785611
5290721383017777024,119.37234245858352,-60.83616180608812,2.4084778683367154,-3.5696824017108626,11.181370986999061,13.449143
5290721486096996736,119.45069988493906,-60.81574640480514,2.4116975107608463,-4.03942093313364,11.701288515620885,9.574029
5290721554816473856,119.43789527680609,-60.7980074008344,2.397176156332663,-4.595998363389722,11.07683705720069,11.598381
5290721726615163648,119.40028247906976,-60.80348263342206,2.4264681545608298,-4.500698036883598,11.043929957214994,13.520439
5290721760974905088,119.43956655789623,-60.7840055144274,2.438814878412005,-4.421179458176319,11.287117379841684,10.562489
5290721898415604992,119.50993004109243,-60.77975977198711,2.438184005307397,-5.791052797623104,11.19492744299032,11.891122
5290722035852820224,119.55787461495552,-60.75667563337573,2.404283291361529,-3.7417809339560026,11.03026193492606,14.300596
5290722035852820736,119.56135179819776,-60.7549370665545,2.397328497957476,-4.744989573029025,10.868465749058313,10.075512
5290722070212556544,119.52140186697596,-60.76992266078612,2.18174807987694,-4.490176553139011,10.785685640153016,13.744442
5290722173293460608,119.48848877531117,-60.75724328591528,2.456324690152462,-4.731057789087825,11.649141966292582,9.374124
5290722237713620096,119.46623247518465,-60.7517127416077,2.4357293166001157,-4.940447438869897,10.590546680457269,10.834144
5290722242011168512,119.47709390231331,-60.75222947990391,2.4209360015595167,-4.886003572261282,11.431243615793877,13.576303
5290722276370987648,119.52205708500698,-60.75087498371979,2.4575601827947713,-4.262758320309153,11.748467375129326,12.532483
5290722310730727040,119.53682732225303,-60.74445455156565,2.413111095904885,-5.095319694341954,11.647448738477342,12.07796
5290722345090384768,119.48901898798464,-60.73777644550098,2.5327354239394864,-4.006839688230487,10.815733370409166,9.837578
5290722860486442752,119.19660923182465,-60.84079922250368,2.6297865118196015,-5.014192715146497,11.15898200161456,8.4925165
5290722929205920640,119.18789490047197,-60.81502901299856,2.488528769338457,-4.719297718366035,11.331052566060457,8.323215
5290722929205920896,119.19271848787055,-60.81614215548057,2.642276181551613,-4.408286278804034,11.549505061588066,8.774274
5290723032285136128,119.22527444402162,-60.83483699983767,2.389056606434094,-4.913794023609219,10.852049851602754,14.841463
5290723135364356736,119.33250750510237,-60.812811369744026,2.368252781977649,-4.206186805461929,11.080170994681316,9.252548
5290723685120164096,119.17686039590747,-60.81416521751953,2.4261387440201587,-3.644639283066918,11.216970270816221,9.797952
5290723891278514048,119.0836063076501,-60.80090827861757,2.380336048676017,-4.185074244568823,11.182567199760518,8.898863
5290723925638255104,119.1442673007234,-60.80091030569237,2.4060795405789346,-4.993079202622226,11.390599587290286,13.634196
5290724166156426112,119.20070050750553,-60.77526096010474,2.483176127974634,-3.880401885647523,10.87348136471071,14.79705
5290724200516244608,119.24816834577575,-60.783791116747985,2.4389332818992164,-4.842788475322933,11.452945309520114,9.656374
5290724337955116672,119.16036132949147,-60.776045571791954,2.4037090533346097,-4.562267165594993,10.917106673459848,9.964137
5290724681552584192,119.31772554506487,-60.78704949896928,2.4051628248220207,-4.6222906129420265,11.164310176706804,11.913358
5290724681552585088,119.3364424097233,-60.77894916580286,2.4178245673729917,-4.103150489180182,11.959138178784627,13.93031
5290724715912323840,119.35500875835672,-60.77975872511427,2.4586712461236355,-4.578126276936435,11.07814631363792,12.912816
5290724922070754432,119.33799177998148,-60.767453594796805,2.4565546070205166,-3.939341338711479,10.955099050456896,7.691256
5290725231308404864,119.42793357482601,-60.73903182154332,2.455532772594197,-4.44511697586119,11.910197951784834,12.512812
5290725265668145664,119.45606231506441,-60.7212192566918,2.4373676503618973,-4.596438488740901,11.320457095513593,9.655917
5290725368747361920,119.48114156720673,-60.72235280997552,2.541874659260056,-3.9744172691343795,11.021571954893322,13.723748
5290725437466834816,119.41198545463169,-60.73131628863235,2.37952665929329,-3.740264384490487,11.283820758399722,14.882926
5290725437466835840,119.42107188813608,-60.72733608520809,2.4532371967814672,-4.74065907283128,11.135707438978281,10.163523
5290725677984929152,119.4817193193743,-60.677526289475644,2.450666853149828,-4.55891521318566,10.955487589179924,12.490349
5290725781064133760,119.29149899755433,-60.736121451690764,2.3949870924821433,-4.557121792744454,10.485552140792022,13.139918
5290726193380997120,119.31140797116416,-60.6949216727238,2.4108342503122113,-5.071107014232662,11.38261310686616,14.424538
5290726262100476032,119.3813770066972,-60.70294615403535,2.4615753816860155,-4.106855399610685,11.386270171594056,13.992098
5290726777496558080,119.42978341161577,-60.63071423563544,2.459196060417531,-5.009443207112321,10.853756031314843,9.412275
5290726914930519424,118.67491233209182,-60.963514202397945,2.51631169067924,-5.071621690600872,11.097463618920608,11.00155
5293981916028210048,117.10369631240745,-60.367730713906006,2.5507486096275778,-3.9904836167925284,11.727825155897776,13.230425
5293987722824686080,116.98823465508713,-60.19065490967035,2.5026143656866338,-4.234200539523516,11.825453969922883,13.8225975
5293988478738753408,117.16637178488615,-60.16069775612948,2.444497820273904,-3.546319647263931,11.419504696763065,14.245758
5293992945504646272,117.7064594543075,-60.07873624821646,2.411155182128477,-3.665059196478861,11.30375509141347,13.941285
5293993563979901952,117.57073599319557,-60.07228574904818,2.488236223275753,-5.0396282903258705,11.373559683843112,10.206882
5293995281966793216,117.47814797213155,-60.05139189820984,2.3495714163350727,-4.537347059926027,11.043500431202196,6.353625
5293999576934426240,116.92949097165997,-60.16843374980538,2.491968338015612,-4.093955629805444,11.659684968164711,9.959753
5294000401568162432,116.75078791284007,-60.150195549372384,2.405689393775333,-3.895135966410351,11.351553444074774,12.546364
5294010159733462272,117.4565951553563,-59.913426740583056,2.4779937204378464,-4.336887253164827,11.037489215697462,12.8145895
5294023388232823808,117.94349017973607,-59.80733823552274,2.4902676392373215,-3.891589793698426,11.327886087092548,12.553419
5294025484176915712,118.21763907060554,-59.83161469565625,2.4819651635170645,-4.933352176242318,11.05905273083584,10.726639
5294027099084610944,118.2299292948135,-59.74303537086546,2.4566999980241997,-5.199638133072797,10.927735722230436,13.982902
5294027133444353408,118.27381557881075,-59.73416352161033,2.452564977910811,-4.076802811647079,11.59953266395907,12.815791
5294038025481314816,117.87722594780136,-59.65844053327434,2.4099755956746964,-4.021447280740387,10.91470202897198,9.129554
5294038158624087552,117.92628360344757,-59.632298684786086,2.4032523274109563,-4.435168883353812,11.203052402329767,11.7898
5294040396303193216,117.6309846817283,-59.628434555341144,2.489234331439629,-4.271777904237104,11.449941652401344,14.961468
5294040842979820288,117.73673997447663,-59.64617063133883,2.4749857450299153,-4.424683164005399,10.64981669948045,7.2878203
5294043076362886912,118.03885324050601,-59.640873803129644,2.4579152797165014,-4.219738365730873,10.882803482542503,12.954066
5294045103587647488,118.09275502616437,-59.49306310316054,2.447370659436894,-4.463162269367919,10.941172215763864,7.8142323
5294047233891403008,118.27116846977471,-59.41451137713823,2.4355999688313603,-4.342657883743837,11.279099489872639,9.323087
5294058980624005888,116.88843962307506,-59.79293094218069,2.453881448571162,-3.980105991636954,11.210510327350043,12.1157675
5294098326822370048,118.03180296513376,-59.335574394377666,2.494979219986234,-4.128163407715663,11.031203587435998,14.730822
5294102484350193152,117.99402346592454,-59.24782631382766,2.51614927475091,-3.9090490803826525,11.32526006008813,13.767092
5294102961088558080,118.02555504697216,-59.22065661834139,2.184451751243754,-4.985863982682093,10.036607701007403,14.437378
5294103991880618240,118.00422156427132,-59.187313446722406,2.3623277683463515,-3.962428305240087,10.93096487538513,13.237833
5294106946818448640,117.52841818127072,-59.33908307964957,2.3085899088561055,-3.9191168893708204,10.437964577926278,14.027288
5294115781568923264,117.81614957100695,-59.17084480725988,2.519814782020419,-3.9032986365274036,11.154455748400036,13.52033
5294122408702890240,118.55296356260348,-59.633568323516286,2.4377542556690845,-3.889094454854512,10.997128895811382,10.415549
5294123546870213888,118.46716373755298,-59.57534365374168,2.1506158601342094,-4.2741163956628005,10.248724228283514,14.177434
5294136225613258368,118.92008857768616,-59.283787756904836,2.454582646557984,-4.123613646492457,11.260586601118774,10.55462
5292454831815614464,115.53730343839317,-60.774673140852826,2.1813285097763373,-4.794459606474343,10.08577744046042,14.13547
5292462665835856128,115.92481325188801,-60.63103857266105,2.6043236711383098,-4.992388916435866,11.12097289974415,13.809191
5294147220729410944,118.55216279396984,-59.20061910760904,2.481939294296868,-4.456170720281214,11.423139831854286,12.699287
5292472114763960064,116.36333673002187,-60.617202330475784,2.4537420473764953,-3.7558259737586823,11.907547983448378,12.919507
5292477852839966080,116.7038491808137,-60.55225582759215,2.4370436792699155,-3.5893184139726895,11.589321178539437,13.597132
5292478948054155776,116.66077447615329,-60.511447203897106,2.3925818748692382,-3.5013040342950457,10.748712954825965,9.917763
5294163198008800256,119.17098819011865,-59.092650958929816,2.210750741792204,-3.912450607821392,10.279020119041867,9.740963
5292482079088088960,116.58229936846195,-60.45442897624753,2.451225337287186,-4.182393740703987,11.2069279235042,10.849647
5292482319606263936,116.69178804563538,-60.44445614289312,2.402979179856513,-4.086268243878725,11.35319970937373,14.539766
5294164331879314944,119.4235752253785,-59.032252556091,2.520435651757983,-6.395063593284451,11.116678456121027,14.761942
5292484518629614464,116.86937668014117,-60.35755836012343,2.386662159174029,-4.094226540477653,10.880708447764581,14.643675
5292496097861494016,116.46179073406712,-60.33982262389181,2.4947377654482694,-4.233375249674624,11.471048914544319,14.246697
5294175808031849472,119.19102697969777,-59.00006218445246,2.5852810775252255,-4.661106477377719,11.445616249110174,14.068782
5292496475818609664,116.49737891001222,-60.32429055598521,2.4013618641964514,-3.5898385197723366,10.698939180022677,11.777194
5294182851778152704,119.14562824246602,-58.83213323713332,2.4579019072722934,-5.447991293585399,11.18854646739223,13.875447
5294184020009356672,119.44039978161223,-58.87559725841596,2.2626924053957542,-4.008886992674296,10.37234102282623,13.646488
5294197626465506432,118.24565325209238,-59.115285452035565,2.4580600876694425,-4.734504919195733,11.103913118232153,11.049128
5294211645238685696,118.00345241332036,-58.99855260763302,2.5083343541638614,-4.287704495036378,11.707202013347626,9.804254
5292549969634464384,116.5574397783299,-60.103237481794324,2.2849310878308295,-3.9366672601166703,10.561644319716658,13.595769
5294227794315907840,118.97107051163398,-58.88657652529459,2.3555317938172697,-4.057150212898586,10.806959399006395,13.0799465
5292564027064173696,115.966945321036,-59.94040607133877,2.5253283380506306,-3.5275044487330667,11.699993372437078,13.300034
5292567737915568128,116.28414057871434,-59.908818588805055,2.399686642919529,-3.877516665503155,11.654429132019747,14.368423
